{"cameraMode":{"drawMode":0,"name":"Shaded","section":"Shading Mode"},"sceneLighting":true,"audioPlay":false,"sceneViewState":{"m_AlwaysRefresh":false,"showFog":true,"showSkybox":true,"showFlares":true,"showImageEffects":true,"showParticleSystems":true,"showVisualEffectGraphs":true,"m_FxEnabled":true},"in2DMode":false,"pivot":{"x":514.3623046875,"y":155.7672576904297,"z":-23.7756290435791},"rotation":{"x":-0.023997031152248384,"y":0.005998705513775349,"z":0.00014388626732397825,"w":0.9996870756149292},"size":290.13262939453127,"orthographic":false}