{"cameraMode":{"drawMode":0,"name":"Shaded","section":"Shading Mode"},"sceneLighting":false,"audioPlay":false,"sceneViewState":{"m_AlwaysRefresh":false,"showFog":true,"showSkybox":false,"showFlares":true,"showImageEffects":true,"showParticleSystems":true,"showVisualEffectGraphs":true,"m_FxEnabled":true},"in2DMode":false,"pivot":{"x":-0.20999997854232789,"y":1.399999976158142,"z":1.9500000476837159},"rotation":{"x":0.006323592737317085,"y":-0.9934698939323425,"z":0.08996203541755676,"w":0.06989641487598419},"size":0.35355374217033389,"orthographic":false}