{"cameraMode":{"drawMode":0,"name":"Shaded","section":"Shading Mode"},"sceneLighting":false,"audioPlay":false,"sceneViewState":{"m_AlwaysRefresh":false,"showFog":true,"showSkybox":false,"showFlares":true,"showImageEffects":true,"showParticleSystems":true,"showVisualEffectGraphs":true,"m_FxEnabled":true},"in2DMode":false,"pivot":{"x":-0.018264269456267358,"y":4.656612873077393e-10,"z":-6.984919309616089e-10},"rotation":{"x":0.15093091130256654,"y":0.7391276955604553,"z":-0.17641876637935639,"w":0.6323081254959106},"size":0.01912073604762554,"orthographic":false}