{"cameraMode":{"drawMode":0,"name":"Shaded","section":"Shading Mode"},"sceneLighting":false,"audioPlay":false,"sceneViewState":{"m_AlwaysRefresh":false,"showFog":true,"showSkybox":false,"showFlares":true,"showImageEffects":true,"showParticleSystems":true,"showVisualEffectGraphs":true,"m_FxEnabled":true},"in2DMode":false,"pivot":{"x":-0.018264269456267358,"y":6.984919309616089e-10,"z":4.656612873077393e-10},"rotation":{"x":0.07230917364358902,"y":-0.9129090905189514,"z":0.35650962591171267,"w":0.18515922129154206},"size":0.31912070512771609,"orthographic":false}