{"cameraMode":{"drawMode":0,"name":"Shaded","section":"Shading Mode"},"sceneLighting":true,"audioPlay":false,"sceneViewState":{"m_AlwaysRefresh":false,"showFog":true,"showSkybox":true,"showFlares":true,"showImageEffects":true,"showParticleSystems":true,"showVisualEffectGraphs":true,"m_FxEnabled":true},"in2DMode":false,"pivot":{"x":-3.502878189086914,"y":3.4981131553649904,"z":-2.0043411254882814},"rotation":{"x":-0.668578565120697,"y":0.0024313193280249836,"z":-0.002207797020673752,"w":-0.743627667427063},"size":27.953811645507814,"orthographic":false}