{"cameraMode":{"drawMode":0,"name":"Shaded","section":"Shading Mode"},"sceneLighting":false,"audioPlay":false,"sceneViewState":{"m_AlwaysRefresh":false,"showFog":true,"showSkybox":false,"showFlares":true,"showImageEffects":true,"showParticleSystems":true,"showVisualEffectGraphs":true,"m_FxEnabled":true},"in2DMode":false,"pivot":{"x":-3.3882977962493898,"y":1.6260318756103516,"z":-0.10414838790893555},"rotation":{"x":-0.21786771714687348,"y":0.21570898592472077,"z":-0.04943935200572014,"w":-0.9505650401115418},"size":3.566494941711426,"orthographic":false}